PV_scaling_factor,bat_system_kWh,total_net_savings
0,0,168887.17178891995
0,1,168387.17178891995
0,2,167887.17178891995
0,3,167387.17178891995
0,4,166887.17178891995
0,5,166387.17178891995
0,6,165887.17178891995
0,7,165387.17178891995
0,8,164887.17178891995
0,9,164387.17178891995
0,10,163887.17178891995
0,11,163387.17178891995
0,12,162887.17178891995
0,13,162387.17178891995
0,14,161887.17178891995
0,15,161387.17178891995
0,16,160887.17178891995
0,17,160387.17178891995
0,18,159887.17178891995
0,19,159387.17178891995
0,20,158887.17178891995
0,21,158387.17178891995
0,22,157887.17178891995
0,23,157387.17178891995
0,24,156887.17178891995
0,25,156387.17178891995
0,26,155887.17178891995
0,27,155387.17178891995
0,28,154887.17178891995
0,29,154387.17178891995
1,0,488557.3115989333
1,1,495218.16382249235
1,2,501817.1060019394
1,3,508286.9973371865
1,4,514699.66342826723
1,5,521353.0842751649
1,6,527615.585477954
1,7,534126.6238366254
1,8,540974.4369510049
1,9,547719.7360213124
1,10,554301.0890474741
1,11,560724.3712293927
1,12,567292.2985672741
1,13,573802.9494609102
1,14,580455.4423104075
1,15,586981.2523157336
1,16,593516.1458768987
1,17,600126.8669939239
1,18,606712.2628667601
1,19,613373.6526954453
1,20,620006.8116800091
1,21,626583.7438203557
1,22,633202.6963165647
1,23,639665.0755686429
1,24,646243.0415765592
1,25,652894.7359402629
1,26,659426.5058598167
1,27,666037.9177352577
1,28,672726.0403664969
1,29,679290.4497536097
2,0,844813.7362353888
2,1,851677.9308278416
2,2,858442.2225761262
2,3,864939.8794801894
2,4,871479.2111402075
2,5,878388.3567559486
2,6,884766.7075275374
2,7,891389.3458550482
2,8,898214.2469383718
2,9,905236.5467775101
2,10,911985.3253725008
2,11,918504.6299232752
2,12,925098.7252300128
2,13,931666.9832924812
2,14,938408.3305108408
2,15,944985.4372850282
2,16,951702.5172150566
2,17,958390.5855009344
2,18,965082.5021426263
2,19,971746.661540207
2,20,978646.2764935324
2,21,985378.0670027726
2,22,992277.2122678498
2,23,998746.9074887468
2,24,1005327.4790654948
2,25,1012080.4485980864
2,26,1018575.7688865194
2,27,1025082.2335307696
2,28,1031633.700930886
2,29,1038293.7918868638
3,0,1192800.1308129877
3,1,1206838.6799838976
3,2,1219440.3814268438
3,3,1228858.8753727395
3,4,1242277.358261745
3,5,1255901.8952271342
3,6,1253375.4900617655
3,7,1257187.5849787788
3,8,1269597.597102792
3,9,1278419.6003739582
3,10,1252634.1354637323
3,11,1263334.5637842352
3,12,1259506.4809993259
3,13,1270968.852026451
3,14,1282438.4794163308
3,15,1280361.6606960688
3,16,1285334.299160988
3,17,1288238.0619164836
3,18,1284354.3783043465
3,19,1287892.381100487
3,20,1275507.4331839988
3,21,1285852.0478839497
3,22,1278938.9455376193
3,23,1293472.0801004278
3,24,1293942.397565892
3,25,1312197.4045676263
3,26,1328365.109924838
3,27,1326727.7458327264
3,28,1306578.0207192479
3,29,1299093.847173634
4,0,1497690.0491311876
4,1,1517536.8383947713
4,2,1536854.133883616
4,3,1554554.7076016688
4,4,1573580.1431540283
4,5,1590620.6976330783
4,6,1605708.0976503957
4,7,1620036.2064009262
4,8,1639054.4407246904
4,9,1652739.6473856806
4,10,1665702.514943025
4,11,1681357.202743846
4,12,1693944.806379145
4,13,1707861.5569178294
4,14,1715776.3794708624
4,15,1732309.0822082479
4,16,1741894.8687436096
4,17,1746798.108294936
4,18,1752252.504549143
4,19,1766492.7527006892
4,20,1782550.9100698438
4,21,1799160.2364086686
4,22,1815123.7569448343
4,23,1825544.5972398473
4,24,1837132.2456083936
4,25,1855180.0963060488
4,26,1873192.2850776347
4,27,1879651.2386292988
4,28,1896092.7651044982
4,29,1896268.4713742938
5,0,1687942.6169648976
5,1,1706739.7877365886
5,2,1725246.7953299335
5,3,1743702.6094677811
5,4,1759060.6155573041
5,5,1776435.7980231661
5,6,1791849.238633581
5,7,1809435.224350565
5,8,1825660.8788965456
5,9,1843034.0564985317
5,10,1857366.0355885467
5,11,1873842.2161954464
5,12,1885417.103618856
5,13,1896903.2444072026
5,14,1909058.9047666555
5,15,1923739.3944063121
5,16,1936924.977869147
5,17,1946499.2947673053
5,18,1963535.3730034272
5,19,1989422.7756985547
5,20,2001792.45185602
5,21,2009709.6208878376
5,22,2021364.4511975325
5,23,2038362.881599441
5,24,2053054.0863358066
5,25,2067194.0960682093
5,26,2072828.4760813394
5,27,2085420.559204286
5,28,2099172.401619614
5,29,2105067.8045025785
6,0,1797315.0322712483
6,1,1815039.9311377225
6,2,1832429.4086473286
6,3,1848110.6328084157
6,4,1864616.3711164729
6,5,1880659.2250266252
6,6,1896390.15366161
6,7,1912244.5028787735
6,8,1929117.911034215
6,9,1945017.4169648718
6,10,1961321.6452410633
6,11,1973938.711275153
6,12,1990931.6133310788
6,13,2003944.2360088232
6,14,2020717.4944979951
6,15,2037241.8639267972
6,16,2050499.0040158785
6,17,2067446.340952644
6,18,2071889.898135936
6,19,2084288.8840373652
6,20,2101647.973996422
6,21,2118197.1798009686
6,22,2131632.4619616596
6,23,2145178.0386453727
6,24,2156751.2013387894
6,25,2171499.0987643697
6,26,2188235.5703290575
6,27,2199329.760536183
6,28,2214131.2141923984
6,29,2213815.2140321373
7,0,1861595.269463458
7,1,1878730.8698920636
7,2,1895638.0840460807
7,3,1913170.200456113
7,4,1926994.1133517583
7,5,1943180.7663303846
7,6,1959494.7509929468
7,7,1975182.6692461201
7,8,1990026.7327011514
7,9,2006970.2608031733
7,10,2022001.8498649516
7,11,2035114.0406301224
7,12,2046290.5824162755
7,13,2060565.982927657
7,14,2073395.228197235
7,15,2086950.123956046
7,16,2097482.514445449
7,17,2109882.4122342467
7,18,2119878.387272521
7,19,2139034.3929541833
7,20,2153676.175005479
7,21,2166713.5437981556
7,22,2179603.750877804
7,23,2189798.3878444624
7,24,2199001.8572659926
7,25,2207676.944843454
7,26,2216331.6489574225
7,27,2231338.4186262474
7,28,2244211.2257946418
7,29,2255576.405951469
8,0,1890216.6836847793
8,1,1906620.095057845
8,2,1922420.5339499167
8,3,1937993.2378924182
8,4,1953898.6432745364
8,5,1969577.1199776083
8,6,1984669.3420741009
8,7,1998310.7720958497
8,8,2013943.5174785322
8,9,2029985.0079435203
8,10,2045584.0792107931
8,11,2060001.838517827
8,12,2074013.296516262
8,13,2086732.0485345358
8,14,2102027.1221096246
8,15,2113723.0735462555
8,16,2126067.697785299
8,17,2138220.929511413
8,18,2152250.580767194
8,19,2166855.57393632
8,20,2177741.6723234253
8,21,2193544.2053852463
8,22,2205651.773762159
8,23,2218003.2145670466
8,24,2226856.5099132643
8,25,2241132.0431576553
8,26,2252503.1807589135
8,27,2255658.580261492
8,28,2270652.5965593755
8,29,2283689.844158541
9,0,1898277.007967989
9,1,1913721.251154867
9,2,1928630.549434795
9,3,1943774.5432913958
9,4,1958682.3988052316
9,5,1974427.130117365
9,6,1988977.1139020845
9,7,2003259.2627009863
9,8,2018352.747441672
9,9,2032887.7363227983
9,10,2047324.1901815878
9,11,2063135.0127085669
9,12,2077673.9016543385
9,13,2091290.9033280986
9,14,2106996.380480078
9,15,2120195.7728602877
9,16,2132228.865264836
9,17,2146520.57882688
9,18,2159597.0346694672
9,19,2175023.3276461335
9,20,2188450.299643861
9,21,2199735.051458637
9,22,2214727.4671455803
9,23,2227211.4328726656
9,24,2236613.0360791157
9,25,2245059.4446854135
9,26,2257640.336068829
9,27,2270959.962991648
9,28,2282065.4597443487
9,29,2295919.2151381257
10,0,1891508.1534049008
10,1,1907046.1271560055
10,2,1922283.9960484207
10,3,1937179.43804341
10,4,1951847.3703936974
10,5,1966404.829920682
10,6,1980975.1417380364
10,7,1995948.9728835875
10,8,2010652.2236203656
10,9,2025746.5836332694
10,10,2045848.0849512082
10,11,2059939.3357019303
10,12,2074197.5204511129
10,13,2086764.7206911203
10,14,2100016.512744904
10,15,2115491.6879075677
10,16,2129672.429001076
10,17,2138753.458380829
10,18,2149880.9197679018
10,19,2162207.0609531547
10,20,2175948.797621906
10,21,2188163.9353567786
10,22,2200511.801230124
10,23,2214850.574711025
10,24,2226549.388235107
10,25,2240043.93549678
10,26,2250924.865295833
10,27,2264250.4334558877
10,28,2278852.5083838105
10,29,2290314.1748474627
11,0,1875757.5431436694
11,1,1891062.9603939012
11,2,1905952.4864776155
11,3,1920441.9157498423
11,4,1934552.0444608151
11,5,1949245.3606222405
11,6,1962850.611476351
11,7,1975183.840032171
11,8,1990287.489174118
11,9,2003606.2620807162
11,10,2017641.477531141
11,11,2031645.4674985912
11,12,2044200.6792191067
11,13,2058517.2808937542
11,14,2073503.8966835733
11,15,2086277.9597326545
11,16,2099978.7802869035
11,17,2115099.4019559193
11,18,2129878.6127879475
11,19,2144004.7757855128
11,20,2155913.433660627
11,21,2167758.4100859948
11,22,2177061.1121528293
11,23,2189278.908673724
11,24,2200664.0161893517
11,25,2212395.1137952255
11,26,2226626.2134882426
11,27,2241237.472294439
11,28,2258818.2145675803
11,29,2270670.3945555417
12,0,1852036.920852149
12,1,1866850.0029633846
12,2,1881331.7424217006
12,3,1895869.7077210434
12,4,1910462.986515199
12,5,1924896.9403578145
12,6,1939260.367891333
12,7,1952344.9998215262
12,8,1965273.1278953794
12,9,1979452.3376666112
12,10,1992496.5639775107
12,11,2006134.54212478
12,12,2019974.3090522918
12,13,2036246.148458992
12,14,2049160.8383545782
12,15,2060351.5762269069
12,16,2073242.956002245
12,17,2086762.1194467552
12,18,2099996.660804947
12,19,2112350.454102882
12,20,2124185.375994741
12,21,2141053.6266723787
12,22,2155469.554283714
12,23,2167171.862807456
12,24,2176179.949542612
12,25,2188544.097458504
12,26,2200507.7054167874
12,27,2213640.377644277
12,28,2222282.0526475674
12,29,2233228.858370604
13,0,1821640.7182440327
13,1,1836447.8006350086
13,2,1850729.1979387365
13,3,1864238.0817896684
13,4,1877923.167770277
13,5,1891427.3641883358
13,6,1904651.2016875807
13,7,1917777.938848715
13,8,1930514.4441620158
13,9,1948333.4045247976
13,10,1959622.5664313606
13,11,1972335.4238810334
13,12,1985699.1090937946
13,13,1999685.7485015015
13,14,2013512.4947542583
13,15,2027258.7057899216
13,16,2039541.259558075
13,17,2051718.7554539451
13,18,2064094.43679288
13,19,2074752.66352331
13,20,2085939.1901146923
13,21,2097656.8719806527
13,22,2110207.019566671
13,23,2119188.334283582
13,24,2128198.7251578965
13,25,2141082.3058838733
13,26,2153729.676329541
13,27,2162336.6655062083
13,28,2176333.275147299
13,29,2189145.863513323
14,0,1785448.2346917214
14,1,1799788.5143533032
14,2,1813911.7274428296
14,3,1827449.3091560712
14,4,1841634.798519737
14,5,1854821.8906893
14,6,1868726.1693596279
14,7,1881789.7436063855
14,8,1896034.8556961142
14,9,1909601.7091981764
14,10,1923516.039731847
14,11,1936751.7019301022
14,12,1947174.879125848
14,13,1959991.359225705
14,14,1971267.7154138756
14,15,1982930.2040922528
14,16,1995369.5536255455
14,17,2007657.1907445146
14,18,2019301.3593189346
14,19,2032113.7886429555
14,20,2046084.6815417542
14,21,2057015.5437851185
14,22,2067708.376789173
14,23,2073221.5520459085
14,24,2084826.4976419674
14,25,2098059.1861795173
14,26,2110178.6803263845
14,27,2119358.2727301326
14,28,2130759.827983998
14,29,2136252.4201479377
15,0,1744602.0533702173
15,1,1758592.5587873557
15,2,1772274.163026669
15,3,1785686.4779498011
15,4,1798891.6069100795
15,5,1812564.548974191
15,6,1825384.9042029027
15,7,1838213.6514059165
15,8,1851098.1976110416
15,9,1864333.0371930134
15,10,1876417.3196091552
15,11,1888875.4803074514
15,12,1900889.0041550666
15,13,1913798.566648639
15,14,1931455.266839948
15,15,1946416.4503959427
15,16,1956961.7021109185
15,17,1966620.036307098
15,18,1978943.9604244744
15,19,1992935.0629614387
15,20,2003467.0695643267
15,21,2018433.7983570735
15,22,2027801.1495102055
15,23,2037793.737892106
15,24,2047324.0925743282
15,25,2057744.8128843193
15,26,2069112.1077301076
15,27,2083646.5522415286
15,28,2095133.5233389747
15,29,2104732.6295591295
16,0,1700009.9496786008
16,1,1714168.516673022
16,2,1727211.930389842
16,3,1742048.8028052426
16,4,1755345.3452495206
16,5,1767568.5380957276
16,6,1780848.717913866
16,7,1793348.5079680663
16,8,1806729.5719724381
16,9,1820141.3596212072
16,10,1830735.329177374
16,11,1843021.5869810127
16,12,1856523.7478603665
16,13,1868504.3477558251
16,14,1878678.9770185365
16,15,1889535.007835269
16,16,1902734.1033452845
16,17,1914226.8599503625
16,18,1927659.9343382262
16,19,1939907.5342940728
16,20,1952037.647664095
16,21,1963922.8279492932
16,22,1975647.4209589974
16,23,1987677.9565979796
16,24,1996703.855905852
16,25,2009766.8484365288
16,26,2020532.5701503213
16,27,2032888.5399573015
16,28,2043584.0954381179
16,29,2057020.6165923774
17,0,1650489.078703986
17,1,1663923.5713964445
17,2,1677582.7124182498
17,3,1690974.8884278582
17,4,1703863.8676783722
17,5,1717325.3702427028
17,6,1729573.8775524101
17,7,1746382.6182724442
17,8,1759291.5832310878
17,9,1772871.402091817
17,10,1786285.96887938
17,11,1799337.5735472583
17,12,1810527.8598012032
17,13,1824110.3138287948
17,14,1838882.488253487
17,15,1850763.3899837537
17,16,1863893.3469261266
17,17,1873766.4573470035
17,18,1883528.1509215236
17,19,1894691.8943466991
17,20,1903294.5889295286
17,21,1918689.0646235226
17,22,1930056.1587514682
17,23,1942572.1671847396
17,24,1953998.5283461655
17,25,1968198.709690261
17,26,1978589.0725868372
17,27,1988644.2647297038
17,28,2000513.826714787
17,29,2013474.5248159345
18,0,1600558.0164922564
18,1,1613402.4742600732
18,2,1626926.618796439
18,3,1639979.3417941881
18,4,1653082.0690531703
18,5,1666401.7477119295
18,6,1678864.7114641638
18,7,1692090.389194009
18,8,1704479.647944409
18,9,1718396.8866020218
18,10,1731745.2606599731
18,11,1744010.153355999
18,12,1756766.5706556619
18,13,1770007.0643209955
18,14,1782871.2024450605
18,15,1795522.470499468
18,16,1806628.4527307402
18,17,1818077.9410158282
18,18,1829023.0800171467
18,19,1840850.7681405612
18,20,1853864.5259680157
18,21,1865818.0165532066
18,22,1875875.1145302362
18,23,1885606.3768926219
18,24,1898001.1603054171
18,25,1909223.5424635725
18,26,1920844.077417598
18,27,1936346.609695025
18,28,1944482.6553306766
18,29,1955079.2075081626
19,0,1547807.393412895
19,1,1561150.1357485214
19,2,1574503.7647852534
19,3,1587354.3277445878
19,4,1600326.5553689958
19,5,1613409.6230385741
19,6,1626055.4147002855
19,7,1637853.4033132587
19,8,1651273.3351242645
19,9,1664237.4481895883
19,10,1676628.9367306428
19,11,1689053.9607272865
19,12,1701663.8433439974
19,13,1714374.8003913718
19,14,1725900.1834946033
19,15,1737599.517062616
19,16,1749814.4403250506
19,17,1762612.1546915895
19,18,1775090.426837504
19,19,1785478.2837583218
19,20,1798516.982383111
19,21,1810128.1448436053
19,22,1822731.520163226
19,23,1833886.3167353403
19,24,1840653.5105984774
19,25,1850726.6001758827
19,26,1861740.9300603438
19,27,1869947.9441718608
19,28,1882693.150436665
19,29,1891426.8614235334
20,0,1492232.6119809062
20,1,1505666.3460126482
20,2,1518998.2427703217
20,3,1532020.4691587645
20,4,1545011.4747546404
20,5,1557965.0325146015
20,6,1570970.9235839848
20,7,1583711.9669160238
20,8,1595745.8249000218
20,9,1605211.9576031258
20,10,1617448.383526411
20,11,1629398.3183240574
20,12,1647169.2109723692
20,13,1659906.7231687997
20,14,1672144.2951090191
20,15,1678906.4056730806
20,16,1691311.6212397232
20,17,1703257.8177310224
20,18,1714336.7236283002
20,19,1726990.2560788577
20,20,1737897.9938958373
20,21,1749668.797419154
20,22,1762169.0773103721
20,23,1774363.3956230246
20,24,1787453.066268297
20,25,1799865.862524068
20,26,1810745.294544215
20,27,1823841.7958475845
20,28,1833643.0053986611
20,29,1844827.3550191717
21,0,1435032.7284202608
21,1,1448472.2374931527
21,2,1461056.9413302327
21,3,1473803.3314886969
21,4,1486145.0942450576
21,5,1498889.571624326
21,6,1511272.8058260097
21,7,1523722.3533647275
21,8,1536546.6269132937
21,9,1552748.2288404414
21,10,1565793.9762887768
21,11,1579689.3270959705
21,12,1595878.8733308148
21,13,1602741.3725924236
21,14,1614585.8274360793
21,15,1626260.4179813317
21,16,1638380.831333342
21,17,1649703.3131394978
21,18,1662904.9844025858
21,19,1672208.5871131462
21,20,1685451.976471513
21,21,1695839.663179277
21,22,1705843.5660242615
21,23,1715238.3429066439
21,24,1726916.8281565632
21,25,1736423.523622353
21,26,1750773.0067627688
21,27,1762715.5409966481
21,28,1776731.2803442075
21,29,1786907.5236526597
22,0,1378105.235505375
22,1,1391166.2261187308
22,2,1404157.5471002585
22,3,1417024.4594915304
22,4,1429392.3311882047
22,5,1442652.8778845118
22,6,1455284.3183144252
22,7,1467719.6782399737
22,8,1479331.499129817
22,9,1490649.2927760445
22,10,1502792.1681171525
22,11,1515316.2161457795
22,12,1529096.5539054829
22,13,1540731.8757513575
22,14,1551896.4618899897
22,15,1563185.245649994
22,16,1576074.696278004
22,17,1586735.5494086957
22,18,1602033.7331362953
22,19,1614270.5476068775
22,20,1624606.362734503
22,21,1636333.4547550566
22,22,1644771.8500805981
22,23,1652759.4593006503
22,24,1665447.340417713
22,25,1673660.4701680923
22,26,1686028.968922461
22,27,1701920.6643866617
22,28,1710473.4903112156
22,29,1720566.844140157
23,0,1320208.2538466118
23,1,1333199.167217228
23,2,1346140.015884752
23,3,1358795.720110842
23,4,1371142.3012195504
23,5,1383731.549707919
23,6,1396211.9655439155
23,7,1407984.4526949348
23,8,1420044.264024388
23,9,1431446.2326096566
23,10,1443588.8093528897
23,11,1455207.137432734
23,12,1466658.9729965022
23,13,1478406.6517060865
23,14,1490657.2188755255
23,15,1501539.1695941496
23,16,1513657.6113582999
23,17,1523925.9364179266
23,18,1536692.1590701165
23,19,1548092.6164988545
23,20,1558317.1626401544
23,21,1569424.2766120378
23,22,1581084.8827862982
23,23,1593660.041705886
23,24,1604677.403750224
23,25,1613139.143269353
23,26,1625117.4217340816
23,27,1640282.9604184255
23,28,1651402.363490317
23,29,1659971.2103669122
24,0,1259443.7995444238
24,1,1272093.8510811771
24,2,1285171.8340878654
24,3,1297671.2555224448
24,4,1309779.843449241
24,5,1321760.053245395
24,6,1333519.1970984056
24,7,1345090.5533323484
24,8,1357797.0477326983
24,9,1370808.1229708288
24,10,1381836.388012583
24,11,1393372.4870542763
24,12,1404118.8083014311
24,13,1416040.079721841
24,14,1428043.1402601628
24,15,1439681.6614164002
24,16,1451176.520931481
24,17,1462498.1003977614
24,18,1473760.462457371
24,19,1486132.4735392341
24,20,1497874.2598196794
24,21,1509655.690594511
24,22,1522211.9280603854
24,23,1533692.9101789054
24,24,1544764.916406509
24,25,1556079.3386810902
24,26,1566284.523280356
24,27,1577971.99360527
24,28,1590507.6667271904
24,29,1601578.913402142
25,0,1197981.3038608897
25,1,1210611.8769174279
25,2,1222968.8060027151
25,3,1235348.5120164813
25,4,1247220.6430029394
25,5,1259441.2297455324
25,6,1271208.3665924147
25,7,1283306.0919070593
25,8,1296276.574715746
25,9,1309084.9669822794
25,10,1320664.8349056696
25,11,1331735.7808418386
25,12,1345389.3437297232
25,13,1357084.219928273
25,14,1368848.0785304308
25,15,1380908.3472299948
25,16,1393427.0635435567
25,17,1404909.3464057543
25,18,1416144.3645650474
25,19,1428368.8060866296
25,20,1440638.7075853124
25,21,1451404.07000844
25,22,1463750.2793057924
25,23,1476041.1918071136
25,24,1488645.6405484653
25,25,1499165.8190796152
25,26,1511721.8932038872
25,27,1524399.505192927
25,28,1537012.4801395508
25,29,1548633.585879081
26,0,1134469.8633585917
26,1,1147353.5689111368
26,2,1159979.5683226164
26,3,1172115.1271538227
26,4,1184142.2144092922
26,5,1196587.624375557
26,6,1208667.0401929542
26,7,1220915.9706799882
26,8,1233520.6847766973
26,9,1245832.791197543
26,10,1257687.2690024078
26,11,1270079.061929496
26,12,1282495.416952976
26,13,1294437.333281741
26,14,1306537.6652135607
26,15,1318763.2791863591
26,16,1330928.4838878587
26,17,1343447.6173156304
26,18,1355487.2004938242
26,19,1367409.99818971
26,20,1379753.0465166746
26,21,1389445.6377931265
26,22,1401671.5343858348
26,23,1414280.0160094807
26,24,1424596.9934614026
26,25,1437248.7086303495
26,26,1449718.1640222436
26,27,1459944.8192533841
26,28,1470205.349662722
26,29,1480132.6808406156
27,0,1073031.4426284656
27,1,1085747.100178441
27,2,1098137.7699040947
27,3,1110353.2323274226
27,4,1122623.2211723807
27,5,1135105.7740758685
27,6,1147350.4399834247
27,7,1159357.8836622497
27,8,1171590.1357275923
27,9,1184030.5276497744
27,10,1196311.8924527697
27,11,1208803.0262642577
27,12,1220859.0794995031
27,13,1232719.775326564
27,14,1245321.0223007435
27,15,1257678.134926085
27,16,1270273.6992905429
27,17,1279633.4140809183
27,18,1291445.3074303884
27,19,1302717.999733165
27,20,1315072.0248083188
27,21,1326445.8725222712
27,22,1338054.1389625287
27,23,1349019.7614468378
27,24,1362037.8855277621
27,25,1374110.497695799
27,26,1385506.4789230283
27,27,1398178.1547287502
27,28,1409210.4058420844
27,29,1420729.95971577
28,0,1011650.3025285178
28,1,1024362.2354605433
28,2,1036838.5095276707
28,3,1049066.4506639668
28,4,1061370.3520357434
28,5,1073189.6032491908
28,6,1084428.8929162954
28,7,1096809.4229987753
28,8,1109101.7687131627
28,9,1121894.24734439
28,10,1134495.7912661997
28,11,1145951.3438267238
28,12,1157528.7645494891
28,13,1169774.2137218476
28,14,1183426.4555622404
28,15,1195809.0967319394
28,16,1206788.4682004433
28,17,1218348.7061264412
28,18,1231399.388293027
28,19,1241660.4084483497
28,20,1253200.9121341165
28,21,1265371.773848435
28,22,1274902.5225789053
28,23,1286419.0360288285
28,24,1297871.645474229
28,25,1310438.0428884123
28,26,1321698.8288432024
28,27,1334081.2580085648
28,28,1346119.8065271927
28,29,1356960.521264175
29,0,949810.884524365
29,1,962126.8435278838
29,2,974624.0627515805
29,3,987051.6276820784
29,4,999004.5543336566
29,5,1011475.828751009
29,6,1023781.2856336217
29,7,1035402.4300237407
29,8,1050795.6045686943
29,9,1063184.8435842653
29,10,1075619.2732534278
29,11,1087474.5229792618
29,12,1098928.1201520655
29,13,1109873.2674027793
29,14,1122072.0349276252
29,15,1134313.0599590996
29,16,1145929.5494343794
29,17,1158074.4706524815
29,18,1168210.1911818516
29,19,1178901.2116101303
29,20,1189912.7970660268
29,21,1201786.2152999977
29,22,1212238.3949581976
29,23,1222616.367813563
29,24,1233625.1758530792
29,25,1245557.0743355993
29,26,1257748.0018148199
29,27,1269880.0622093854
29,28,1280849.124553875
29,29,1294086.3203129102
30,0,887390.0985035603
30,1,899823.6900009774
30,2,912133.5034917248
30,3,924038.9993505832
30,4,935747.3463005852
30,5,948170.8939011162
30,6,960177.6442942186
30,7,972356.5375675028
30,8,984320.1666434831
30,9,996605.9954618406
30,10,1008498.2546087448
30,11,1020462.3445855489
30,12,1032813.594960965
30,13,1043575.8894840383
30,14,1055468.32517365
30,15,1067443.072852462
30,16,1079457.6283940626
30,17,1091058.0924075493
30,18,1103518.27270746
30,19,1114842.6817851188
30,20,1130643.3882567496
30,21,1141809.345326618
30,22,1153068.1438719644
30,23,1165951.8310783373
30,24,1177084.9534969125
30,25,1188619.5437675598
30,26,1199333.8321967714
30,27,1206384.0779496264
30,28,1217136.8253416987
30,29,1226941.5921753622
31,0,823761.8535308633
31,1,836277.5608914462
31,2,848433.4225361235
31,3,860651.2806831277
31,4,872243.9420910226
31,5,884668.3721724711
31,6,896592.4545787391
31,7,908485.6793851941
31,8,920468.732494195
31,9,933152.2983569861
31,10,944841.5279045259
31,11,956833.0497418577
31,12,969270.0732091023
31,13,980875.2278031292
31,14,994343.1986098108
31,15,1005938.3510935411
31,16,1017466.5629306925
31,17,1029168.5685901134
31,18,1040696.1554532172
31,19,1053019.6790998348
31,20,1064499.839663338
31,21,1075660.685942585
31,22,1086794.447921859
31,23,1101408.4890933917
31,24,1113577.9439897137
31,25,1125082.1078178158
31,26,1136472.5247198134
31,27,1148637.0357155288
31,28,1155418.1290691649
31,29,1167314.860277949
32,0,760078.0991779105
32,1,772243.0988599081
32,2,784659.3991792714
32,3,796494.560798062
32,4,808223.3950337535
32,5,820455.2701165061
32,6,832121.8922858825
32,7,844213.6520673335
32,8,856310.555903205
32,9,868170.0676267734
32,10,880549.3349603692
32,11,892296.1538133724
32,12,903951.2251531822
32,13,915598.9546377934
32,14,928045.4330049932
32,15,939910.823849563
32,16,952231.6560050426
32,17,963973.120483862
32,18,976395.7155113202
32,19,986295.9829788876
32,20,998419.2263172916
32,21,1010514.9311055976
32,22,1021853.2433112874
32,23,1032494.4973303773
32,24,1043965.9127017146
32,25,1055121.751725222
32,26,1064968.1988139404
32,27,1077238.247436866
32,28,1088182.6429007004
32,29,1099069.3540246796
33,0,695939.4832351815
33,1,708286.4913315291
33,2,720574.4300350465
33,3,732418.2517895335
33,4,744236.465627409
33,5,756459.2057291546
33,6,782586.309921823
33,7,794311.9319426175
33,8,806427.5748206303
33,9,806222.2393488733
33,10,817987.0883515966
33,11,829170.6328643835
33,12,841519.3212555244
33,13,853878.6270023347
33,14,866174.8221133824
33,15,876796.4355948998
33,16,887184.5207489061
33,17,899133.6895052448
33,18,911309.8846447666
33,19,922407.1009782387
33,20,933945.2514753712
33,21,945745.5154000374
33,22,957907.3911434098
33,23,970229.0456179716
33,24,982316.3595498388
33,25,994533.6345755204
33,26,1004505.2579811122
33,27,1014979.3686266488
33,28,1025917.351794464
33,29,1037899.8992799164
34,0,631975.1217854884
34,1,644221.1904335639
34,2,656350.3425327269
34,3,668210.455513224
34,4,680287.0589662984
34,5,692367.7271125594
34,6,704062.3632382508
34,7,715570.606203347
34,8,728080.1068359148
34,9,739953.4913721879
34,10,752039.2002424668
34,11,764096.522286695
34,12,776395.3810095356
34,13,788461.5986278374
34,14,800360.6220821617
34,15,812489.9117600825
34,16,824701.5799046913
34,17,836944.4302987889
34,18,848087.3731525289
34,19,858795.1667922502
34,20,871164.8714145087
34,21,882177.1152864932
34,22,892703.179802068
34,23,904021.9422596646
34,24,914178.9602878073
34,25,923550.2821044659
34,26,935377.7369827684
34,27,946714.9062506016
34,28,958600.2933875704
34,29,971646.9566259906
35,0,567848.7969435635
35,1,580091.4597569546
35,2,592259.0624137898
35,3,604132.1302627376
35,4,616053.5214096075
35,5,628166.4359207381
35,6,640250.8926309401
35,7,652205.6413412979
35,8,664770.9854552592
35,9,677374.4840626302
35,10,689251.2915470114
35,11,701123.5793037526
35,12,712611.6156259051
35,13,723872.5430768158
35,14,735792.1400410263
35,15,746686.3239751605
35,16,757133.8099801121
35,17,768729.1172020021
35,18,780907.1099055791
35,19,792123.5871371417
35,20,803470.934957196
35,21,814957.6516677509
35,22,826936.4898801502
35,23,838447.6527566649
35,24,849542.8508202115
35,25,858791.5798393846
35,26,871025.9418341902
35,27,882313.994098471
35,28,891232.4332211306
35,29,902498.2199954614
36,0,503446.0895407805
36,1,515764.63628967525
36,2,527687.9822221666
36,3,539667.4806006113
36,4,551464.5118942088
36,5,563286.5572795353
36,6,575003.7266718922
36,7,586560.82633666
36,8,598822.4459835829
36,9,611065.3908825782
36,10,622568.1056359201
36,11,633828.1052691373
36,12,645932.4330034305
36,13,657533.1549622095
36,14,669254.3923554511
36,15,681077.1293207025
36,16,692823.3141956222
36,17,703527.263668559
36,18,713817.5446138193
36,19,725036.6945900465
36,20,736482.1175988181
36,21,747669.016117386
36,22,757621.3951563998
36,23,769102.8492656385
36,24,780185.0812602695
36,25,790884.1468192241
36,26,800783.1372202584
36,27,810894.2507841054
36,28,821876.6868010839
36,29,833680.7244816632
37,0,438350.0393793918
37,1,450903.05306433234
37,2,463060.92324052704
37,3,474907.249902311
37,4,486130.9447033168
37,5,498152.63194665546
37,6,510147.06012114417
37,7,521881.40361691825
37,8,534260.8321645448
37,9,545480.7542669307
37,10,555875.4296406743
37,11,567759.8881430272
37,12,579908.0494662211
37,13,591203.3832116448
37,14,602677.6148226333
37,15,612733.3243965101
37,16,624872.7801985573
37,17,637076.0986119788
37,18,648033.4560319118
37,19,658463.6086759018
37,20,669129.8999733361
37,21,680600.1541778259
37,22,691202.8184652771
37,23,702967.1110454365
37,24,714393.1281397655
37,25,725333.5824665078
37,26,736993.9589681244
37,27,748250.8437010879
37,28,757547.6466390351
37,29,767976.1775623588
38,0,372289.49249098543
38,1,384511.2167788809
38,2,396131.5629435342
38,3,407756.7544674827
38,4,419007.52088857116
38,5,430881.1966494459
38,6,442662.1064038365
38,7,454190.192606058
38,8,466385.3432979132
38,9,478609.8550453747
38,10,490522.01528024976
38,11,501684.1767901601
38,12,512888.87765794527
38,13,524143.7949840585
38,14,535833.4101646405
38,15,547781.5349934855
38,16,558271.4148936467
38,17,570080.6151997531
38,18,581656.693231361
38,19,593489.1688498715
38,20,604307.6935708569
38,21,615342.0802381053
38,22,626377.7892788837
38,23,637554.235539285
38,24,649270.6830410683
38,25,659485.609236469
38,26,670340.5057033699
38,27,681393.3433444519
38,28,691624.9301812856
38,29,701488.0386042246
39,0,305097.0802387119
39,1,317308.21943350835
39,2,329402.7730663447
39,3,341361.79543845926
39,4,353079.33996108826
39,5,369303.01393641625
39,6,380631.47916410817
39,7,392222.8092183302
39,8,403954.80438462924
39,9,414914.2238524812
39,10,425067.8156148002
39,11,436681.06982062804
39,12,448542.0072341175
39,13,460046.3111872447
39,14,471262.94642240275
39,15,482061.4567844069
39,16,493581.0971035366
39,17,504732.0578947861
39,18,515287.15679099085
39,19,525920.7731481618
39,20,543373.4974567429
39,21,555019.4260344794
39,22,565288.6984145665
39,23,575604.4018449215
39,24,587123.2736623567
39,25,599227.6177514391
39,26,610113.5018858383
39,27,626623.0931495945
39,28,636999.8530268949
39,29,647803.163425941
40,0,239136.8384982309
40,1,251440.50681442593
40,2,263649.3384103348
40,3,275359.0437773558
40,4,287132.6927340613
40,5,299251.7301121168
40,6,311104.4998750347
40,7,322282.3549329676
40,8,334283.7747316911
40,9,346192.10528479656
40,10,357226.0867791716
40,11,368488.6353879026
40,12,380061.5928164135
40,13,391376.2020463194
40,14,402808.0563382887
40,15,413340.33132170094
40,16,424778.00132431556
40,17,436718.7416648306
40,18,448722.78976841597
40,19,459895.8596630079
40,20,470751.1125307926
40,21,482498.9113605558
40,22,494284.1786685167
40,23,504890.9090888011
40,24,516670.6466980395
40,25,528268.2667983905
40,26,539245.9207472997
40,27,551540.9716469143
40,28,559212.3743434832
40,29,571128.3670773404
41,0,173785.4348415985
41,1,185812.3186521232
41,2,197691.4108936675
41,3,209097.36443045782
41,4,220554.3815844739
41,5,232280.5422389158
41,6,243764.42268664716
41,7,254864.20780856267
41,8,266755.009180667
41,9,278597.5081925327
41,10,290611.9577647955
41,11,302297.397058037
41,12,316129.4506369694
41,13,327746.93688790547
41,14,339617.875930505
41,15,351291.84054559097
41,16,362364.1984436638
41,17,373538.80170417717
41,18,385477.725287152
41,19,397289.9627310666
41,20,406066.7610076199
41,21,416921.80044951744
41,22,427890.059963176
41,23,439086.2765050762
41,24,451034.2721120431
41,25,462800.5192265962
41,26,474735.6465015444
41,27,485773.32471238216
41,28,497545.269979313
41,29,507946.0538334353
42,0,106840.88556362083
42,1,118756.35296461638
42,2,130727.97327773646
42,3,142411.47717683576
42,4,154198.36561937584
42,5,165695.8524595144
42,6,177545.03712500678
42,7,189257.73038349813
42,8,201425.32095807837
42,9,213717.5840519648
42,10,224785.45633282745
42,11,236589.48465490947
42,12,247849.65972144622
42,13,259399.51625326753
42,14,271454.29050353356
42,15,282690.03956949804
42,16,293649.6520108613
42,17,305495.91891293984
42,18,317550.26418857044
42,19,328750.2074373048
42,20,339961.94965353
42,21,350409.5282642823
42,22,361972.7970181183
42,23,373279.29999475006
42,24,385213.83438730973
42,25,396007.8951082239
42,26,405804.7794048884
42,27,417375.0110299676
42,28,429302.33350781724
42,29,441193.5059320647
43,0,41002.93539432704
43,1,53135.2910922165
43,2,64905.86824959377
43,3,76674.5610064501
43,4,87873.60096926696
43,5,99992.9291412048
43,6,111564.48100516805
43,7,123031.36918144405
43,8,134517.36487409566
43,9,146347.10495535284
43,10,157770.5590384407
43,11,169396.7401576531
43,12,180384.91879928962
43,13,192433.2037931484
43,14,203900.9467696608
43,15,215664.0287281014
43,16,227065.07270891452
43,17,238765.50443600398
43,18,249354.38677352155
43,19,259885.7396165398
43,20,270959.3803640478
43,21,281368.3321188623
43,22,293221.9314927049
43,23,305084.0809152997
43,24,315708.027024325
43,25,327329.3680376094
43,26,339049.1974632535
43,27,349737.3797964967
43,28,361507.30516740226
43,29,370236.00187121425
44,0,-25876.2732163294
44,1,-14090.836262805387
44,2,-2322.8478390234523
44,3,8807.106079575606
44,4,20333.362072762102
44,5,32289.145436477847
44,6,43952.31812900398
44,7,55377.151439776644
44,8,67322.85153970483
44,9,78894.70353381243
44,10,90705.78509554628
44,11,102620.84153775126
44,12,113442.50543494942
44,13,125359.23357999779
44,14,136168.15164696658
44,15,147284.23302563606
44,16,159442.68293406814
44,17,170790.06160930265
44,18,182775.86840055184
44,19,194307.4684916064
44,20,205645.0350176799
44,21,217288.6876610294
44,22,227270.43781863758
44,23,236720.8084087819
44,24,246918.25863657752
44,25,258232.8394237114
44,26,269839.63968265336
44,27,280094.60495408624
44,28,290633.47363100154
44,29,299660.3597279568
45,0,-93232.97322710743
45,1,-81126.8695120886
45,2,-69308.0112208788
45,3,-57985.395638371
45,4,-46544.68759092968
45,5,-34777.80953951285
45,6,-23090.623294927645
45,7,-12069.251389745623
45,8,76.1401359726442
45,9,11167.443707617931
45,10,23211.36413301807
45,11,34797.03377751168
45,12,46697.25985018897
45,13,57952.24438088841
45,14,69607.45192811359
45,15,80764.56533601612
45,16,91577.49514887575
45,17,101552.19391890336
45,18,112490.72838876396
45,19,124185.30496249546
45,20,135352.83393404912
45,21,146157.72309499793
45,22,156276.68370662024
45,23,168809.3695390923
45,24,179392.62834671652
45,25,190328.15266911977
45,26,201692.55943259224
45,27,211048.4177505807
45,28,220579.74460786674
45,29,232302.01892515074
46,0,-160594.2323819874
46,1,-148707.78752953047
46,2,-137090.43409187114
46,3,-125374.93645813316
46,4,-113752.9115321358
46,5,-101925.54671340855
46,6,-90498.96755314793
46,7,-78758.42395408184
46,8,-66751.52577743295
46,9,-55154.34880776226
46,10,-44149.02250064898
46,11,-32930.43468835531
46,12,-21594.120164520573
46,13,-10352.326830058475
46,14,1514.5717623806559
46,15,12321.446282595862
46,16,24012.165651232935
46,17,33989.70691235736
46,18,45741.099509058986
46,19,57326.87708101235
46,20,66930.10363763664
46,21,77160.43567080749
46,22,87684.85174871876
46,23,97559.41514919745
46,24,108696.09654032392
46,25,120485.32801071182
46,26,129129.19649962231
46,27,139781.61535759922
46,28,149446.02487290744
46,29,160892.57803087356
47,0,-227611.51857601583
47,1,-215609.3853157037
47,2,-203790.5573531799
47,3,-192096.8725871807
47,4,-181010.6177306152
47,5,-169181.45513484615
47,6,-157903.61416932195
47,7,-146785.13015335065
47,8,-135076.26153616596
47,9,-123549.61060807807
47,10,-112467.71793226711
47,11,-101437.21712158062
47,12,-90098.34594646934
47,13,-78732.98708396265
47,14,-67931.16212476743
47,15,-57260.04353330005
47,16,-46658.7284619757
47,17,-35634.0761149209
47,18,-23808.40011461405
47,19,-13277.516077915207
47,20,-1877.9329701140523
47,21,7054.585799307097
47,22,17333.56727420818
47,23,28881.019067086745
47,24,40313.049475684646
47,25,51360.067158540594
47,26,63055.98812119337
47,27,73761.09619288938
47,28,83424.21506783692
47,29,91665.9029516275
48,0,-295399.8493839917
48,1,-283619.4782432924
48,2,-271985.5381721258
48,3,-260156.12119252433
48,4,-249035.6725826324
48,5,-237427.04260115046
48,6,-226021.92005866673
48,7,-214979.38642030687
48,8,-203357.77511837322
48,9,-192465.72552964324
48,10,-181234.64068431302
48,11,-169673.6232887092
48,12,-158587.44396439055
48,13,-147530.33862935845
48,14,-135798.1787862233
48,15,-124599.99111274024
48,16,-113872.6677027857
48,17,-104161.4401562874
48,18,-93350.18075843342
48,19,-82293.87144142401
48,20,-70698.53951473022
48,21,-59556.086048902944
48,22,-49187.007818169775
48,23,-39167.80847533839
48,24,-28107.71509401733
48,25,-17254.178349649417
48,26,-8806.360028341878
48,27,907.6539790211245
48,28,12315.817991602235
48,29,23220.824040519074
49,0,-363668.8543948961
49,1,-351809.3249518528
49,2,-340136.05095830513
49,3,-329061.61248648074
49,4,-317810.3623259533
49,5,-306267.3182763043
49,6,-295163.4779373313
49,7,-284117.5690739126
49,8,-272447.7895209915
49,9,-260774.43095290568
49,10,-249811.72123480588
49,11,-238157.611095279
49,12,-227974.7100701928
49,13,-216442.0006052032
49,14,-204752.90326504398
49,15,-193592.02957169723
49,16,-182654.21678371495
49,17,-171790.29348525451
49,18,-160605.42587705888
49,19,-150783.27891395427
49,20,-140563.49972703133
49,21,-132284.76394980913
49,22,-120684.11223422375
49,23,-111100.4783284245
49,24,-100840.69575692422
49,25,-89698.45635100268
49,26,-78065.67968135001
49,27,-67141.54166785534
49,28,-55666.61017138744
49,29,-43998.13638524385
50,0,-432211.8068084307
50,1,-420471.0187825258
50,2,-408731.6208061436
50,3,-397378.4151704459
50,4,-386293.0988468939
50,5,-374699.0095687192
50,6,-363729.2545529944
50,7,-353108.02771850023
50,8,-341140.0298423972
50,9,-329547.90409505833
50,10,-318411.1609655968
50,11,-307092.655894747
50,12,-296656.34258267004
50,13,-285035.38854510756
50,14,-274739.6889991779
50,15,-264639.18553475395
50,16,-253314.95994484983
50,17,-244132.42350263754
50,18,-233082.92702714086
50,19,-221640.27732095448
50,20,-211004.22640483826
50,21,-199630.55930393282
50,22,-188156.46067918278
50,23,-176673.88684057863
50,24,-165338.9228591706
50,25,-154146.0275285981
50,26,-144163.1764495885
50,27,-133368.43279368244
50,28,-124240.38873107638
50,29,-112928.21411435725
51,0,-501039.55622079084
51,1,-489209.2043774412
51,2,-477787.61654010974
51,3,-466343.1480423757
51,4,-455309.95606429875
51,5,-444040.52086421754
51,6,-432760.87239931105
51,7,-421989.8542341067
51,8,-410240.94301618636
51,9,-398105.6965266727
51,10,-387574.06749226514
51,11,-377078.18195942685
51,12,-366414.3667566683
51,13,-355039.98542592395
51,14,-343975.2043525652
51,15,-333313.5311127873
51,16,-321673.08303335786
51,17,-310406.7528099497
51,18,-298840.53245316027
51,19,-288818.6326916376
51,20,-278015.85407981754
51,21,-264551.4779173024
51,22,-254599.6314838552
51,23,-244012.3897477379
51,24,-232998.18971566285
51,25,-225388.19332899293
51,26,-217777.19759431772
51,27,-206418.2525297394
51,28,-194892.777739265
51,29,-185312.40988984937
52,0,-569716.4719589497
52,1,-558353.4226276469
52,2,-546733.6990501639
52,3,-535673.8002860476
52,4,-524834.6425369498
52,5,-513100.13915931806
52,6,-502252.8334649047
52,7,-491406.5812881221
52,8,-479628.7363926368
52,9,-468169.73384875443
52,10,-456655.6559275836
52,11,-445677.69955328666
52,12,-435130.78558309935
52,13,-420000.11386734666
52,14,-408854.6772212406
52,15,-397447.96574565815
52,16,-386665.6102896156
52,17,-375151.31601233035
52,18,-363555.6228409009
52,19,-355932.5730615342
52,20,-346663.55279257055
52,21,-336023.79599022784
52,22,-324683.8876857166
52,23,-314810.2966808365
52,24,-303311.5728436224
52,25,-293019.896624845
52,26,-283010.1652826811
52,27,-265234.56684199395
52,28,-254792.51233228017
52,29,-243919.41989061423
53,0,-639301.6288507706
53,1,-627835.842892226
53,2,-616377.9719020566
53,3,-604974.0579812591
53,4,-593845.547068474
53,5,-582895.6827248809
53,6,-571693.0094964919
53,7,-560267.3042614991
53,8,-548727.2504970954
53,9,-536733.696092316
53,10,-525651.9654177445
53,11,-514154.0362967551
53,12,-502804.6378602297
53,13,-492756.3609472825
53,14,-482765.718492188
53,15,-472132.22936417675
53,16,-461374.8018838349
53,17,-450045.87417184946
53,18,-438880.0123802526
53,19,-428353.8524059742
53,20,-416711.06750406325
53,21,-407509.9537750962
53,22,-396073.3972110157
53,23,-385136.3024747628
53,24,-373826.77093186986
53,25,-363465.73061806615
53,26,-353171.2489400654
53,27,-341884.1741093644
53,28,-330505.5222248669
53,29,-319307.5196782546
54,0,-708173.2196199532
54,1,-696382.918411966
54,2,-685011.8433998944
54,3,-673797.3475831188
54,4,-662769.9622239219
54,5,-651125.8015244058
54,6,-639599.159467792
54,7,-628964.8354204651
54,8,-617210.966199541
54,9,-607197.5904562115
54,10,-596589.6129567932
54,11,-584965.3186606383
54,12,-573810.3167726472
54,13,-562240.587466734
54,14,-550658.9707237539
54,15,-539379.1084164125
54,16,-528941.286480358
54,17,-517608.00998027076
54,18,-507030.41743572906
54,19,-496004.2080174759
54,20,-486140.4103886592
54,21,-475288.38895366166
54,22,-464332.30490951566
54,23,-452679.8285228689
54,24,-441342.56041461835
54,25,-429943.4085662267
54,26,-420410.4447934171
54,27,-408903.8831060543
54,28,-397383.4405572014
54,29,-388640.49504632596
55,0,-776812.8131897608
55,1,-765299.8001400883
55,2,-753911.7631094996
55,3,-742766.6383628361
55,4,-731614.2548605391
55,5,-720704.8198392382
55,6,-710005.2058820217
55,7,-698914.2896831186
55,8,-687106.2928841426
55,9,-675699.1141793784
55,10,-664500.1508986182
55,11,-654333.4034125797
55,12,-643042.7887786237
55,13,-632132.1460752166
55,14,-620484.8380724317
55,15,-609452.6625484531
55,16,-598781.1246092129
55,17,-586026.7526951618
55,18,-574424.0329164034
55,19,-563935.8418010677
55,20,-552130.7789173047
55,21,-542193.3387559606
55,22,-531039.6773543325
55,23,-519194.5122890697
55,24,-510444.93624670536
55,25,-498856.2473728787
55,26,-487628.57027536957
55,27,-476963.6095261597
55,28,-465743.5504617705
55,29,-455949.94182236027
56,0,-846311.3030774402
56,1,-835086.5847687459
56,2,-823420.1096349466
56,3,-812235.3134164343
56,4,-801065.3457963653
56,5,-789412.2245808225
56,6,-778700.92701999
56,7,-767577.6885590912
56,8,-755898.5258774682
56,9,-744282.3879905837
56,10,-732955.0787123735
56,11,-722021.1770678777
56,12,-710590.8052812739
56,13,-699099.2239269625
56,14,-687570.0887316908
56,15,-676310.66171302
56,16,-666143.4966825275
56,17,-654684.171232048
56,18,-643707.0662219274
56,19,-633650.4805729957
56,20,-622680.6080257603
56,21,-612305.5687432922
56,22,-602927.0208477146
56,23,-592230.4986397073
56,24,-580751.8379063881
56,25,-571196.6302760807
56,26,-562555.6946624024
56,27,-550555.0007263734
56,28,-540285.5021785164
56,29,-531102.3653795174
57,0,-914734.9201587238
57,1,-903285.7332959549
57,2,-891880.4550714814
57,3,-880543.0889033154
57,4,-869540.7137136068
57,5,-858149.0075524361
57,6,-847326.436454996
57,7,-836178.6596475262
57,8,-822607.0930920704
57,9,-811033.2940035197
57,10,-799627.4857232709
57,11,-788715.0822288147
57,12,-778191.4937030524
57,13,-767819.1424894542
57,14,-756882.5403651678
57,15,-745547.9930172325
57,16,-734530.4435411225
57,17,-724094.9226963696
57,18,-713546.0540644835
57,19,-703295.4727833625
57,20,-692125.6221922684
57,21,-683785.0980187161
57,22,-674069.7557383776
57,23,-664574.3864410487
57,24,-654444.2490902952
57,25,-644058.2635974861
57,26,-634722.0686813118
57,27,-623581.9257753156
57,28,-613420.6562415547
57,29,-602167.4408884497
58,0,-983988.0776154716
58,1,-972627.3964392766
58,2,-961238.8187730289
58,3,-949941.3107085916
58,4,-938728.0854954454
58,5,-927030.3011352533
58,6,-915951.5161119332
58,7,-905284.8808796041
58,8,-893821.8819344137
58,9,-882378.473682797
58,10,-871355.4917735304
58,11,-860257.5019031996
58,12,-849368.1682392629
58,13,-839103.7944310112
58,14,-828345.2109833458
58,15,-817792.2912408086
58,16,-808184.8551415629
58,17,-797766.8128271856
58,18,-787355.7248192839
58,19,-776725.9575281189
58,20,-766295.81261507
58,21,-756046.8255737108
58,22,-744832.3451192527
58,23,-733390.4021762451
58,24,-723157.7062377916
58,25,-714872.8415969736
58,26,-704681.1549522239
58,27,-693405.1717106543
58,28,-682464.3169172982
58,29,-673181.1816339102
59,0,-1052690.4543389846
59,1,-1041383.4919895115
59,2,-1030064.487478002
59,3,-1019166.2792815397
59,4,-1009002.6995692332
59,5,-997525.7745668362
59,6,-986426.2884144229
59,7,-975343.586393164
59,8,-963816.3275601586
59,9,-953020.320867768
59,10,-942053.9470433408
59,11,-931594.664338415
59,12,-921215.6073420645
59,13,-909640.0743187661
59,14,-899385.9112880542
59,15,-888875.7932212193
59,16,-878318.6193904896
59,17,-867011.4772140224
59,18,-856196.6839136556
59,19,-845685.77906981
59,20,-835807.3534113588
59,21,-825417.2358598025
59,22,-814815.0582605042
59,23,-805093.4343228443
59,24,-794083.0625885795
59,25,-783532.4340507026
59,26,-772656.6722847288
59,27,-762288.5090843671
59,28,-750953.968962559
59,29,-740776.5369159612
60,0,-1123047.041917774
60,1,-1111365.1900692089
60,2,-1099994.2293773033
60,3,-1088585.2883570092
60,4,-1078056.698731787
60,5,-1066587.725980305
60,6,-1055764.3508827756
60,7,-1045353.7193508144
60,8,-1033816.0561059206
60,9,-1023179.261034903
60,10,-1011571.9595522969
60,11,-1000686.8709524488
60,12,-989628.3360524056
60,13,-978497.9115425759
60,14,-968164.1727267076
60,15,-957410.5307979067
60,16,-947329.612458956
60,17,-935941.1991218547
60,18,-926220.4076554091
60,19,-915100.3919603047
60,20,-904711.2726506788
60,21,-893520.64790359
60,22,-882404.5442516264
60,23,-872680.6538662547
60,24,-861667.7026303415
60,25,-849906.1812535673
60,26,-839507.6525761071
60,27,-828880.0466053304
60,28,-817802.9298021412
60,29,-808717.3914181022
61,0,-1192328.103154567
61,1,-1180882.6025404804
61,2,-1169817.204168241
61,3,-1158555.2762407009
61,4,-1147545.0992180025
61,5,-1136264.692044328
61,6,-1125295.8622414665
61,7,-1114308.7016552407
61,8,-1103098.8174784277
61,9,-1091558.4139856268
61,10,-1080558.0239980924
61,11,-1069114.912722311
61,12,-1058523.599850575
61,13,-1048330.0437206752
61,14,-1037797.4036771794
61,15,-1023413.5392782873
61,16,-1012381.2837279914
61,17,-1001330.9794748119
61,18,-990460.7684688247
61,19,-980246.230906446
61,20,-969118.7409062311
61,21,-959614.2837941577
61,22,-949535.8453589409
61,23,-938381.3687548391
61,24,-927250.486251182
61,25,-916904.6270078095
61,26,-906607.2455046186
61,27,-895761.881280758
61,28,-885554.9383081786
61,29,-872993.3999248408
62,0,-1261408.182275109
62,1,-1249973.8611811376
62,2,-1238576.9770816201
62,3,-1227398.0393180484
62,4,-1216622.0361113232
62,5,-1205122.2192000481
62,6,-1194077.6391534777
62,7,-1183808.3373915171
62,8,-1172770.7037542295
62,9,-1161350.58637721
62,10,-1150071.4874415076
62,11,-1139159.3963044425
62,12,-1127746.8664703332
62,13,-1117024.8190949308
62,14,-1106307.531183071
62,15,-1095575.5668614642
62,16,-1084170.1531424676
62,17,-1073584.8295579897
62,18,-1062813.3445751597
62,19,-1050935.865954149
62,20,-1036195.5635946746
62,21,-1025682.6301423996
62,22,-1015230.1963982661
62,23,-1004206.018039818
62,24,-993864.4796433859
62,25,-982670.4799108137
62,26,-971604.9909987301
62,27,-962190.1984273596
62,28,-951030.6745085503
62,29,-941820.0634487183
